[
{ "primary": "red", "accent": "pink", "theme": "red-pink" },
{ "primary": "red", "accent": "purple", "theme": "red-purple" },
{ "primary": "red", "accent": "deep-purple", "theme": "red-deep_purple" },
{ "primary": "red", "accent": "indigo", "theme": "red-indigo" },
{ "primary": "red", "accent": "blue", "theme": "red-blue" },
{ "primary": "red", "accent": "light-blue", "theme": "red-light_blue" },
{ "primary": "red", "accent": "cyan", "theme": "red-cyan" },
{ "primary": "red", "accent": "teal", "theme": "red-teal" },
{ "primary": "red", "accent": "green", "theme": "red-green" },
{ "primary": "red", "accent": "light-green", "theme": "red-light_green" },
{ "primary": "red", "accent": "lime", "theme": "red-lime" },
{ "primary": "red", "accent": "yellow", "theme": "red-yellow" },
{ "primary": "red", "accent": "amber", "theme": "red-amber" },
{ "primary": "red", "accent": "orange", "theme": "red-orange" },
{ "primary": "red", "accent": "deep-orange", "theme": "red-deep_orange" },
{ "primary": "red", "accent": "brown", "theme": "red-brown" },
{ "primary": "red", "accent": "grey", "theme": "red-grey" },
{ "primary": "red", "accent": "blue-grey", "theme": "red-blue_grey" },
{ "primary": "pink", "accent": "red", "theme": "pink-red" },
{ "primary": "pink", "accent": "purple", "theme": "pink-purple" },
{ "primary": "pink", "accent": "deep-purple", "theme": "pink-deep_purple" },
{ "primary": "pink", "accent": "indigo", "theme": "pink-indigo" },
{ "primary": "pink", "accent": "blue", "theme": "pink-blue" },
{ "primary": "pink", "accent": "light-blue", "theme": "pink-light_blue" },
{ "primary": "pink", "accent": "cyan", "theme": "pink-cyan" },
{ "primary": "pink", "accent": "teal", "theme": "pink-teal" },
{ "primary": "pink", "accent": "green", "theme": "pink-green" },
{ "primary": "pink", "accent": "light-green", "theme": "pink-light_green" },
{ "primary": "pink", "accent": "lime", "theme": "pink-lime" },
{ "primary": "pink", "accent": "yellow", "theme": "pink-yellow" },
{ "primary": "pink", "accent": "amber", "theme": "pink-amber" },
{ "primary": "pink", "accent": "orange", "theme": "pink-orange" },
{ "primary": "pink", "accent": "deep-orange", "theme": "pink-deep_orange" },
{ "primary": "pink", "accent": "brown", "theme": "pink-brown" },
{ "primary": "pink", "accent": "grey", "theme": "pink-grey" },
{ "primary": "pink", "accent": "blue-grey", "theme": "pink-blue_grey" },
{ "primary": "purple", "accent": "red", "theme": "purple-red" },
{ "primary": "purple", "accent": "pink", "theme": "purple-pink" },
{ "primary": "purple", "accent": "deep-purple", "theme": "purple-deep_purple" },
{ "primary": "purple", "accent": "indigo", "theme": "purple-indigo" },
{ "primary": "purple", "accent": "blue", "theme": "purple-blue" },
{ "primary": "purple", "accent": "light-blue", "theme": "purple-light_blue" },
{ "primary": "purple", "accent": "cyan", "theme": "purple-cyan" },
{ "primary": "purple", "accent": "teal", "theme": "purple-teal" },
{ "primary": "purple", "accent": "green", "theme": "purple-green" },
{ "primary": "purple", "accent": "light-green", "theme": "purple-light_green" },
{ "primary": "purple", "accent": "lime", "theme": "purple-lime" },
{ "primary": "purple", "accent": "yellow", "theme": "purple-yellow" },
{ "primary": "purple", "accent": "amber", "theme": "purple-amber" },
{ "primary": "purple", "accent": "orange", "theme": "purple-orange" },
{ "primary": "purple", "accent": "deep-orange", "theme": "purple-deep_orange" },
{ "primary": "purple", "accent": "brown", "theme": "purple-brown" },
{ "primary": "purple", "accent": "grey", "theme": "purple-grey" },
{ "primary": "purple", "accent": "blue-grey", "theme": "purple-blue_grey" },
{ "primary": "deep-purple", "accent": "red", "theme": "deep_purple-red" },
{ "primary": "deep-purple", "accent": "pink", "theme": "deep_purple-pink" },
{ "primary": "deep-purple", "accent": "purple", "theme": "deep_purple-purple" },
{ "primary": "deep-purple", "accent": "indigo", "theme": "deep_purple-indigo" },
{ "primary": "deep-purple", "accent": "blue", "theme": "deep_purple-blue" },
{ "primary": "deep-purple", "accent": "light-blue", "theme": "deep_purple-light_blue" },
{ "primary": "deep-purple", "accent": "cyan", "theme": "deep_purple-cyan" },
{ "primary": "deep-purple", "accent": "teal", "theme": "deep_purple-teal" },
{ "primary": "deep-purple", "accent": "green", "theme": "deep_purple-green" },
{ "primary": "deep-purple", "accent": "light-green", "theme": "deep_purple-light_green" },
{ "primary": "deep-purple", "accent": "lime", "theme": "deep_purple-lime" },
{ "primary": "deep-purple", "accent": "yellow", "theme": "deep_purple-yellow" },
{ "primary": "deep-purple", "accent": "amber", "theme": "deep_purple-amber" },
{ "primary": "deep-purple", "accent": "orange", "theme": "deep_purple-orange" },
{ "primary": "deep-purple", "accent": "deep-orange", "theme": "deep_purple-deep_orange" },
{ "primary": "deep-purple", "accent": "brown", "theme": "deep_purple-brown" },
{ "primary": "deep-purple", "accent": "grey", "theme": "deep_purple-grey" },
{ "primary": "deep-purple", "accent": "blue-grey", "theme": "deep_purple-blue_grey" },
{ "primary": "indigo", "accent": "red", "theme": "indigo-red" },
{ "primary": "indigo", "accent": "pink", "theme": "indigo-pink" },
{ "primary": "indigo", "accent": "purple", "theme": "indigo-purple" },
{ "primary": "indigo", "accent": "deep-purple", "theme": "indigo-deep_purple" },
{ "primary": "indigo", "accent": "blue", "theme": "indigo-blue" },
{ "primary": "indigo", "accent": "light-blue", "theme": "indigo-light_blue" },
{ "primary": "indigo", "accent": "cyan", "theme": "indigo-cyan" },
{ "primary": "indigo", "accent": "teal", "theme": "indigo-teal" },
{ "primary": "indigo", "accent": "green", "theme": "indigo-green" },
{ "primary": "indigo", "accent": "light-green", "theme": "indigo-light_green" },
{ "primary": "indigo", "accent": "lime", "theme": "indigo-lime" },
{ "primary": "indigo", "accent": "yellow", "theme": "indigo-yellow" },
{ "primary": "indigo", "accent": "amber", "theme": "indigo-amber" },
{ "primary": "indigo", "accent": "orange", "theme": "indigo-orange" },
{ "primary": "indigo", "accent": "deep-orange", "theme": "indigo-deep_orange" },
{ "primary": "indigo", "accent": "brown", "theme": "indigo-brown" },
{ "primary": "indigo", "accent": "grey", "theme": "indigo-grey" },
{ "primary": "indigo", "accent": "blue-grey", "theme": "indigo-blue_grey" },
{ "primary": "blue", "accent": "red", "theme": "blue-red" },
{ "primary": "blue", "accent": "pink", "theme": "blue-pink" },
{ "primary": "blue", "accent": "purple", "theme": "blue-purple" },
{ "primary": "blue", "accent": "deep-purple", "theme": "blue-deep_purple" },
{ "primary": "blue", "accent": "indigo", "theme": "blue-indigo" },
{ "primary": "blue", "accent": "light-blue", "theme": "blue-light_blue" },
{ "primary": "blue", "accent": "cyan", "theme": "blue-cyan" },
{ "primary": "blue", "accent": "teal", "theme": "blue-teal" },
{ "primary": "blue", "accent": "green", "theme": "blue-green" },
{ "primary": "blue", "accent": "light-green", "theme": "blue-light_green" },
{ "primary": "blue", "accent": "lime", "theme": "blue-lime" },
{ "primary": "blue", "accent": "yellow", "theme": "blue-yellow" },
{ "primary": "blue", "accent": "amber", "theme": "blue-amber" },
{ "primary": "blue", "accent": "orange", "theme": "blue-orange" },
{ "primary": "blue", "accent": "deep-orange", "theme": "blue-deep_orange" },
{ "primary": "blue", "accent": "brown", "theme": "blue-brown" },
{ "primary": "blue", "accent": "grey", "theme": "blue-grey" },
{ "primary": "blue", "accent": "blue-grey", "theme": "blue-blue_grey" },
{ "primary": "light-blue", "accent": "red", "theme": "light_blue-red" },
{ "primary": "light-blue", "accent": "pink", "theme": "light_blue-pink" },
{ "primary": "light-blue", "accent": "purple", "theme": "light_blue-purple" },
{ "primary": "light-blue", "accent": "deep-purple", "theme": "light_blue-deep_purple" },
{ "primary": "light-blue", "accent": "indigo", "theme": "light_blue-indigo" },
{ "primary": "light-blue", "accent": "blue", "theme": "light_blue-blue" },
{ "primary": "light-blue", "accent": "cyan", "theme": "light_blue-cyan" },
{ "primary": "light-blue", "accent": "teal", "theme": "light_blue-teal" },
{ "primary": "light-blue", "accent": "green", "theme": "light_blue-green" },
{ "primary": "light-blue", "accent": "light-green", "theme": "light_blue-light_green" },
{ "primary": "light-blue", "accent": "lime", "theme": "light_blue-lime" },
{ "primary": "light-blue", "accent": "yellow", "theme": "light_blue-yellow" },
{ "primary": "light-blue", "accent": "amber", "theme": "light_blue-amber" },
{ "primary": "light-blue", "accent": "orange", "theme": "light_blue-orange" },
{ "primary": "light-blue", "accent": "deep-orange", "theme": "light_blue-deep_orange" },
{ "primary": "light-blue", "accent": "brown", "theme": "light_blue-brown" },
{ "primary": "light-blue", "accent": "grey", "theme": "light_blue-grey" },
{ "primary": "light-blue", "accent": "blue-grey", "theme": "light_blue-blue_grey" },
{ "primary": "cyan", "accent": "red", "theme": "cyan-red" },
{ "primary": "cyan", "accent": "pink", "theme": "cyan-pink" },
{ "primary": "cyan", "accent": "purple", "theme": "cyan-purple" },
{ "primary": "cyan", "accent": "deep-purple", "theme": "cyan-deep_purple" },
{ "primary": "cyan", "accent": "indigo", "theme": "cyan-indigo" },
{ "primary": "cyan", "accent": "blue", "theme": "cyan-blue" },
{ "primary": "cyan", "accent": "light-blue", "theme": "cyan-light_blue" },
{ "primary": "cyan", "accent": "teal", "theme": "cyan-teal" },
{ "primary": "cyan", "accent": "green", "theme": "cyan-green" },
{ "primary": "cyan", "accent": "light-green", "theme": "cyan-light_green" },
{ "primary": "cyan", "accent": "lime", "theme": "cyan-lime" },
{ "primary": "cyan", "accent": "yellow", "theme": "cyan-yellow" },
{ "primary": "cyan", "accent": "amber", "theme": "cyan-amber" },
{ "primary": "cyan", "accent": "orange", "theme": "cyan-orange" },
{ "primary": "cyan", "accent": "deep-orange", "theme": "cyan-deep_orange" },
{ "primary": "cyan", "accent": "brown", "theme": "cyan-brown" },
{ "primary": "cyan", "accent": "grey", "theme": "cyan-grey" },
{ "primary": "cyan", "accent": "blue-grey", "theme": "cyan-blue_grey" },
{ "primary": "teal", "accent": "red", "theme": "teal-red" },
{ "primary": "teal", "accent": "pink", "theme": "teal-pink" },
{ "primary": "teal", "accent": "purple", "theme": "teal-purple" },
{ "primary": "teal", "accent": "deep-purple", "theme": "teal-deep_purple" },
{ "primary": "teal", "accent": "indigo", "theme": "teal-indigo" },
{ "primary": "teal", "accent": "blue", "theme": "teal-blue" },
{ "primary": "teal", "accent": "light-blue", "theme": "teal-light_blue" },
{ "primary": "teal", "accent": "cyan", "theme": "teal-cyan" },
{ "primary": "teal", "accent": "green", "theme": "teal-green" },
{ "primary": "teal", "accent": "light-green", "theme": "teal-light_green" },
{ "primary": "teal", "accent": "lime", "theme": "teal-lime" },
{ "primary": "teal", "accent": "yellow", "theme": "teal-yellow" },
{ "primary": "teal", "accent": "amber", "theme": "teal-amber" },
{ "primary": "teal", "accent": "orange", "theme": "teal-orange" },
{ "primary": "teal", "accent": "deep-orange", "theme": "teal-deep_orange" },
{ "primary": "teal", "accent": "brown", "theme": "teal-brown" },
{ "primary": "teal", "accent": "grey", "theme": "teal-grey" },
{ "primary": "teal", "accent": "blue-grey", "theme": "teal-blue_grey" },
{ "primary": "green", "accent": "red", "theme": "green-red" },
{ "primary": "green", "accent": "pink", "theme": "green-pink" },
{ "primary": "green", "accent": "purple", "theme": "green-purple" },
{ "primary": "green", "accent": "deep-purple", "theme": "green-deep_purple" },
{ "primary": "green", "accent": "indigo", "theme": "green-indigo" },
{ "primary": "green", "accent": "blue", "theme": "green-blue" },
{ "primary": "green", "accent": "light-blue", "theme": "green-light_blue" },
{ "primary": "green", "accent": "cyan", "theme": "green-cyan" },
{ "primary": "green", "accent": "teal", "theme": "green-teal" },
{ "primary": "green", "accent": "light-green", "theme": "green-light_green" },
{ "primary": "green", "accent": "lime", "theme": "green-lime" },
{ "primary": "green", "accent": "yellow", "theme": "green-yellow" },
{ "primary": "green", "accent": "amber", "theme": "green-amber" },
{ "primary": "green", "accent": "orange", "theme": "green-orange" },
{ "primary": "green", "accent": "deep-orange", "theme": "green-deep_orange" },
{ "primary": "green", "accent": "brown", "theme": "green-brown" },
{ "primary": "green", "accent": "grey", "theme": "green-grey" },
{ "primary": "green", "accent": "blue-grey", "theme": "green-blue_grey" },
{ "primary": "light-green", "accent": "red", "theme": "light_green-red" },
{ "primary": "light-green", "accent": "pink", "theme": "light_green-pink" },
{ "primary": "light-green", "accent": "purple", "theme": "light_green-purple" },
{ "primary": "light-green", "accent": "deep-purple", "theme": "light_green-deep_purple" },
{ "primary": "light-green", "accent": "indigo", "theme": "light_green-indigo" },
{ "primary": "light-green", "accent": "blue", "theme": "light_green-blue" },
{ "primary": "light-green", "accent": "light-blue", "theme": "light_green-light_blue" },
{ "primary": "light-green", "accent": "cyan", "theme": "light_green-cyan" },
{ "primary": "light-green", "accent": "teal", "theme": "light_green-teal" },
{ "primary": "light-green", "accent": "green", "theme": "light_green-green" },
{ "primary": "light-green", "accent": "lime", "theme": "light_green-lime" },
{ "primary": "light-green", "accent": "yellow", "theme": "light_green-yellow" },
{ "primary": "light-green", "accent": "amber", "theme": "light_green-amber" },
{ "primary": "light-green", "accent": "orange", "theme": "light_green-orange" },
{ "primary": "light-green", "accent": "deep-orange", "theme": "light_green-deep_orange" },
{ "primary": "light-green", "accent": "brown", "theme": "light_green-brown" },
{ "primary": "light-green", "accent": "grey", "theme": "light_green-grey" },
{ "primary": "light-green", "accent": "blue-grey", "theme": "light_green-blue_grey" },
{ "primary": "lime", "accent": "red", "theme": "lime-red" },
{ "primary": "lime", "accent": "pink", "theme": "lime-pink" },
{ "primary": "lime", "accent": "purple", "theme": "lime-purple" },
{ "primary": "lime", "accent": "deep-purple", "theme": "lime-deep_purple" },
{ "primary": "lime", "accent": "indigo", "theme": "lime-indigo" },
{ "primary": "lime", "accent": "blue", "theme": "lime-blue" },
{ "primary": "lime", "accent": "light-blue", "theme": "lime-light_blue" },
{ "primary": "lime", "accent": "cyan", "theme": "lime-cyan" },
{ "primary": "lime", "accent": "teal", "theme": "lime-teal" },
{ "primary": "lime", "accent": "green", "theme": "lime-green" },
{ "primary": "lime", "accent": "light-green", "theme": "lime-light_green" },
{ "primary": "lime", "accent": "yellow", "theme": "lime-yellow" },
{ "primary": "lime", "accent": "amber", "theme": "lime-amber" },
{ "primary": "lime", "accent": "orange", "theme": "lime-orange" },
{ "primary": "lime", "accent": "deep-orange", "theme": "lime-deep_orange" },
{ "primary": "lime", "accent": "brown", "theme": "lime-brown" },
{ "primary": "lime", "accent": "grey", "theme": "lime-grey" },
{ "primary": "lime", "accent": "blue-grey", "theme": "lime-blue_grey" },
{ "primary": "yellow", "accent": "red", "theme": "yellow-red" },
{ "primary": "yellow", "accent": "pink", "theme": "yellow-pink" },
{ "primary": "yellow", "accent": "purple", "theme": "yellow-purple" },
{ "primary": "yellow", "accent": "deep-purple", "theme": "yellow-deep_purple" },
{ "primary": "yellow", "accent": "indigo", "theme": "yellow-indigo" },
{ "primary": "yellow", "accent": "blue", "theme": "yellow-blue" },
{ "primary": "yellow", "accent": "light-blue", "theme": "yellow-light_blue" },
{ "primary": "yellow", "accent": "cyan", "theme": "yellow-cyan" },
{ "primary": "yellow", "accent": "teal", "theme": "yellow-teal" },
{ "primary": "yellow", "accent": "green", "theme": "yellow-green" },
{ "primary": "yellow", "accent": "light-green", "theme": "yellow-light_green" },
{ "primary": "yellow", "accent": "lime", "theme": "yellow-lime" },
{ "primary": "yellow", "accent": "amber", "theme": "yellow-amber" },
{ "primary": "yellow", "accent": "orange", "theme": "yellow-orange" },
{ "primary": "yellow", "accent": "deep-orange", "theme": "yellow-deep_orange" },
{ "primary": "yellow", "accent": "brown", "theme": "yellow-brown" },
{ "primary": "yellow", "accent": "grey", "theme": "yellow-grey" },
{ "primary": "yellow", "accent": "blue-grey", "theme": "yellow-blue_grey" },
{ "primary": "amber", "accent": "red", "theme": "amber-red" },
{ "primary": "amber", "accent": "pink", "theme": "amber-pink" },
{ "primary": "amber", "accent": "purple", "theme": "amber-purple" },
{ "primary": "amber", "accent": "deep-purple", "theme": "amber-deep_purple" },
{ "primary": "amber", "accent": "indigo", "theme": "amber-indigo" },
{ "primary": "amber", "accent": "blue", "theme": "amber-blue" },
{ "primary": "amber", "accent": "light-blue", "theme": "amber-light_blue" },
{ "primary": "amber", "accent": "cyan", "theme": "amber-cyan" },
{ "primary": "amber", "accent": "teal", "theme": "amber-teal" },
{ "primary": "amber", "accent": "green", "theme": "amber-green" },
{ "primary": "amber", "accent": "light-green", "theme": "amber-light_green" },
{ "primary": "amber", "accent": "lime", "theme": "amber-lime" },
{ "primary": "amber", "accent": "yellow", "theme": "amber-yellow" },
{ "primary": "amber", "accent": "orange", "theme": "amber-orange" },
{ "primary": "amber", "accent": "deep-orange", "theme": "amber-deep_orange" },
{ "primary": "amber", "accent": "brown", "theme": "amber-brown" },
{ "primary": "amber", "accent": "grey", "theme": "amber-grey" },
{ "primary": "amber", "accent": "blue-grey", "theme": "amber-blue_grey" },
{ "primary": "orange", "accent": "red", "theme": "orange-red" },
{ "primary": "orange", "accent": "pink", "theme": "orange-pink" },
{ "primary": "orange", "accent": "purple", "theme": "orange-purple" },
{ "primary": "orange", "accent": "deep-purple", "theme": "orange-deep_purple" },
{ "primary": "orange", "accent": "indigo", "theme": "orange-indigo" },
{ "primary": "orange", "accent": "blue", "theme": "orange-blue" },
{ "primary": "orange", "accent": "light-blue", "theme": "orange-light_blue" },
{ "primary": "orange", "accent": "cyan", "theme": "orange-cyan" },
{ "primary": "orange", "accent": "teal", "theme": "orange-teal" },
{ "primary": "orange", "accent": "green", "theme": "orange-green" },
{ "primary": "orange", "accent": "light-green", "theme": "orange-light_green" },
{ "primary": "orange", "accent": "lime", "theme": "orange-lime" },
{ "primary": "orange", "accent": "yellow", "theme": "orange-yellow" },
{ "primary": "orange", "accent": "amber", "theme": "orange-amber" },
{ "primary": "orange", "accent": "deep-orange", "theme": "orange-deep_orange" },
{ "primary": "orange", "accent": "brown", "theme": "orange-brown" },
{ "primary": "orange", "accent": "grey", "theme": "orange-grey" },
{ "primary": "orange", "accent": "blue-grey", "theme": "orange-blue_grey" },
{ "primary": "deep-orange", "accent": "red", "theme": "deep_orange-red" },
{ "primary": "deep-orange", "accent": "pink", "theme": "deep_orange-pink" },
{ "primary": "deep-orange", "accent": "purple", "theme": "deep_orange-purple" },
{ "primary": "deep-orange", "accent": "deep-purple", "theme": "deep_orange-deep_purple" },
{ "primary": "deep-orange", "accent": "indigo", "theme": "deep_orange-indigo" },
{ "primary": "deep-orange", "accent": "blue", "theme": "deep_orange-blue" },
{ "primary": "deep-orange", "accent": "light-blue", "theme": "deep_orange-light_blue" },
{ "primary": "deep-orange", "accent": "cyan", "theme": "deep_orange-cyan" },
{ "primary": "deep-orange", "accent": "teal", "theme": "deep_orange-teal" },
{ "primary": "deep-orange", "accent": "green", "theme": "deep_orange-green" },
{ "primary": "deep-orange", "accent": "light-green", "theme": "deep_orange-light_green" },
{ "primary": "deep-orange", "accent": "lime", "theme": "deep_orange-lime" },
{ "primary": "deep-orange", "accent": "yellow", "theme": "deep_orange-yellow" },
{ "primary": "deep-orange", "accent": "amber", "theme": "deep_orange-amber" },
{ "primary": "deep-orange", "accent": "orange", "theme": "deep_orange-orange" },
{ "primary": "deep-orange", "accent": "brown", "theme": "deep_orange-brown" },
{ "primary": "deep-orange", "accent": "grey", "theme": "deep_orange-grey" },
{ "primary": "deep-orange", "accent": "blue-grey", "theme": "deep_orange-blue_grey" },
{ "primary": "brown", "accent": "red", "theme": "brown-red" },
{ "primary": "brown", "accent": "pink", "theme": "brown-pink" },
{ "primary": "brown", "accent": "purple", "theme": "brown-purple" },
{ "primary": "brown", "accent": "deep-purple", "theme": "brown-deep_purple" },
{ "primary": "brown", "accent": "indigo", "theme": "brown-indigo" },
{ "primary": "brown", "accent": "blue", "theme": "brown-blue" },
{ "primary": "brown", "accent": "light-blue", "theme": "brown-light_blue" },
{ "primary": "brown", "accent": "cyan", "theme": "brown-cyan" },
{ "primary": "brown", "accent": "teal", "theme": "brown-teal" },
{ "primary": "brown", "accent": "green", "theme": "brown-green" },
{ "primary": "brown", "accent": "light-green", "theme": "brown-light_green" },
{ "primary": "brown", "accent": "lime", "theme": "brown-lime" },
{ "primary": "brown", "accent": "yellow", "theme": "brown-yellow" },
{ "primary": "brown", "accent": "amber", "theme": "brown-amber" },
{ "primary": "brown", "accent": "orange", "theme": "brown-orange" },
{ "primary": "brown", "accent": "deep-orange", "theme": "brown-deep_orange" },
{ "primary": "brown", "accent": "grey", "theme": "brown-grey" },
{ "primary": "brown", "accent": "blue-grey", "theme": "brown-blue_grey" },
{ "primary": "grey", "accent": "red", "theme": "grey-red" },
{ "primary": "grey", "accent": "pink", "theme": "grey-pink" },
{ "primary": "grey", "accent": "purple", "theme": "grey-purple" },
{ "primary": "grey", "accent": "deep-purple", "theme": "grey-deep_purple" },
{ "primary": "grey", "accent": "indigo", "theme": "grey-indigo" },
{ "primary": "grey", "accent": "blue", "theme": "grey-blue" },
{ "primary": "grey", "accent": "light-blue", "theme": "grey-light_blue" },
{ "primary": "grey", "accent": "cyan", "theme": "grey-cyan" },
{ "primary": "grey", "accent": "teal", "theme": "grey-teal" },
{ "primary": "grey", "accent": "green", "theme": "grey-green" },
{ "primary": "grey", "accent": "light-green", "theme": "grey-light_green" },
{ "primary": "grey", "accent": "lime", "theme": "grey-lime" },
{ "primary": "grey", "accent": "yellow", "theme": "grey-yellow" },
{ "primary": "grey", "accent": "amber", "theme": "grey-amber" },
{ "primary": "grey", "accent": "orange", "theme": "grey-orange" },
{ "primary": "grey", "accent": "deep-orange", "theme": "grey-deep_orange" },
{ "primary": "grey", "accent": "brown", "theme": "grey-brown" },
{ "primary": "grey", "accent": "blue-grey", "theme": "grey-blue_grey" },
{ "primary": "blue-grey", "accent": "red", "theme": "blue_grey-red" },
{ "primary": "blue-grey", "accent": "pink", "theme": "blue_grey-pink" },
{ "primary": "blue-grey", "accent": "purple", "theme": "blue_grey-purple" },
{ "primary": "blue-grey", "accent": "deep-purple", "theme": "blue_grey-deep_purple" },
{ "primary": "blue-grey", "accent": "indigo", "theme": "blue_grey-indigo" },
{ "primary": "blue-grey", "accent": "blue", "theme": "blue_grey-blue" },
{ "primary": "blue-grey", "accent": "light-blue", "theme": "blue_grey-light_blue" },
{ "primary": "blue-grey", "accent": "cyan", "theme": "blue_grey-cyan" },
{ "primary": "blue-grey", "accent": "teal", "theme": "blue_grey-teal" },
{ "primary": "blue-grey", "accent": "green", "theme": "blue_grey-green" },
{ "primary": "blue-grey", "accent": "light-green", "theme": "blue_grey-light_green" },
{ "primary": "blue-grey", "accent": "lime", "theme": "blue_grey-lime" },
{ "primary": "blue-grey", "accent": "yellow", "theme": "blue_grey-yellow" },
{ "primary": "blue-grey", "accent": "amber", "theme": "blue_grey-amber" },
{ "primary": "blue-grey", "accent": "orange", "theme": "blue_grey-orange" },
{ "primary": "blue-grey", "accent": "deep-orange", "theme": "blue_grey-deep_orange" },
{ "primary": "blue-grey", "accent": "brown", "theme": "blue_grey-brown" },
{ "primary": "blue-grey", "accent": "grey", "theme": "blue_grey-grey" },
]
