{
  "name": "dslink-java-haystack",
  "version": "0.0.1",
  "description": "An implementation dslink of a haystack protocol consumer",
  "license": "Apache",
  "author": {
    "name": "Samuel Grenier",
    "email": "samrg472@gmail.com"
  },
  "main": "bin/dslink-java-haystack",
  "repository": {
    "type": "git",
    "url": "https://github.com/IOT-DSA/dslink-java-haystack"
  },
  "bugs": {
    "url": "https://github.com/IOT-DSA/dslink-java-haystack/issues"
  },
  "configs": {
    "name": {
      "type": "string",
      "default": "haystack"
    },
    "broker": {
      "type": "url"
    },
    "nodes": {
      "type": "path",
      "default": "nodes.json"
    },
    "key": {
      "type": "path",
      "default": ".key"
    },
    "log": {
      "type": "enum",
      "default": "info"
    },
    "handler_class": {
      "type": "string",
      "default": "org.dsa.iot.haystack.Main"
    }
  }
}
