{
  "name": "dslink-java-splunk",
  "version": "0.0.1",
  "description": "DSLink for Splunk",
  "license": "Apache",
  "author": {
    "name": "Samuel Grenier",
    "email": "samrg472@gmail.com"
  },
  "main": "bin/dslink-java-splunk",
  "repository": {
    "type": "git",
    "url": "https://github.com/IOT-DSA/dslink-java-splunk"
  },
  "bugs": {
    "url": "https://github.com/IOT-DSA/dslink-java-splunk/issues"
  },
  "configs": {
    "broker": {
      "type": "url"
    },
    "nodes": {
      "type": "path",
      "default": "nodes.json"
    },
    "key": {
      "type": "path",
      "default": ".key"
    },
    "log": {
      "type": "enum",
      "default": "info"
    }
  }
}
