{
  "name": "dslink-java-advantech",
  "version": "0.0.9",
  "description": "A dslink for advantech",
  "license": "Apache",
  "main": "bin/dslink-java-advantech",
  "author": {
    "name": "Daniel Shapiro",
    "email": "danielsspam1272@gmail.com"
  },
  "repository": {
    "type": "git",
    "url": "https://github.com/IOT-DSA/dslink-java-advantech"
  },
  "bugs": {
    "url": "https://github.com/IOT-DSA/dslink-java-advantech/issues"
  },
  "configs": {
  	"name": {
      "type": "string",
      "default": "advantech"
    },
    "broker": {
      "type": "url"
    },
    "nodes": {
      "type": "path",
      "default": "nodes.json"
    },
    "key": {
      "type": "path",
      "default": ".key"
    },
    "log": {
      "type": "enum",
      "default": "info"
    },
    "handler_class": {
      "type": "string",
      "default": "advantech.Main"
    }
  }
}
