{
  "name": "dslink-java-jdbc",
  "version": "0.0.1",
  "description": "Java JDBC DSLink",
  "license": "Apache",
  "author": {
    "name": "Petr Shvets",
    "email": "p.shvets@dglogik.com"
  },
  "main": "bin/dslink-java-jdbc",
  "repository": {
    "type": "git",
    "url": "https://github.com/IOT-DSA/dslink-java-jdbc"
  },
  "bugs": {
    "url": "https://github.com/IOT-DSA/dslink-java-jdbc/issues"
  },
  "configs": {
    "broker": {
      "type": "url"
    },
    "nodes": {
      "type": "path",
      "default": ".nodes.json"
    },
    "key": {
      "type": "path",
      "default": ".key"
    },
    "log": {
      "type": "enum",
      "default": "info"
    }
  }
}
