{
  "name": "dslink-java-sedona",
  "version": "0.0.1",
  "description": "An implementation dslink of a sedona protocol consumer",
  "license": "Apache",
  "author": {
    "name": "Samuel Grenier",
    "email": "samrg472@gmail.com"
  },
  "main": "bin/dslink-java-sedona",
  "repository": {
    "type": "git",
    "url": "https://github.com/IOT-DSA/dslink-java-sedona"
  },
  "bugs": {
    "url": "https://github.com/IOT-DSA/dslink-java-sedona/issues"
  },
  "configs": {
    "name": {
      "type": "string",
      "default": "sedona"
    },
    "broker": {
      "type": "url"
    },
    "token": {
      "type": "string"
    },
    "nodes": {
      "type": "path",
      "default": "nodes.json"
    },
    "key": {
      "type": "path",
      "default": ".key"
    },
    "log": {
      "type": "enum",
      "default": "info"
    },
    "handler_class": {
      "type": "string",
      "default": "org.dsa.iot.sedona.Main"
    }
  }
}
